filename,caption,hashtags
img1.png,summer landscape stock photography,"#summer, #landscape, #stock, #photography"
img10.png,a bird sitting on top of a tree branch,"#a, #bird, #sitting, #on, #top"
img11.png,a mountain landscape at night vector | price | price | price | price | price | price | price | price | price | price | price,"#a, #mountain, #landscape, #at, #night"
img2.png,a dock on a lake under a full moon,"#a, #dock, #on, #a, #lake"
img3.png,the elephant is standing,"#the, #elephant, #is, #standing"
img4.png,a man sitting at a desk using a laptop,"#a, #man, #sitting, #at, #a"
img5.png,a woman holding a flute in front of a full moon,"#a, #woman, #holding, #a, #flute"
img6.png,the word ' trash ' is written on the water,"#the, #word, #trash, #is, #written"
img7.png,a black and blue motorcycle sitting on top of a white background,"#a, #black, #and, #blue, #motorcycle"
img8.png,a peacock sitting on top of a tree next to flowers,"#a, #peacock, #sitting, #on, #top"
img9.png,a little girl is running in the snow,"#a, #little, #girl, #is, #running"
